0.0	1.4791898727416992	2.035065174102783	1.3250967264175415	2.106670618057251	0.0	0.0	1.3760591745376587	0.0	1.8767606019973755	0.8525981903076172	0.6761935949325562	0.0	0.0	0.0	0.0	0.0	1.0855034589767456	0.0	0.3005844056606293	0.0	1.7836322784423828	0.6184253096580505	1.645233392715454	0.0	0.0	0.0	0.0	0.0	1.6297677755355835	0.3503425419330597	0.0	0.3572649359703064	1.9188430309295654	0.8239632248878479	1.3146750926971436	0.547794759273529	0.9771790504455566	0.3753259479999542	0.0	0.0	0.0	0.0	2.9345526695251465	0.0	0.0	2.2621121406555176	0.0	1.1660085916519165	0.0	0.0	0.0	0.0	2.050699234008789	0.0	0.6483970284461975	2.2301721572875977	0.0	1.2459137439727783	0.0	1.4702452421188354	2.227814197540283	1.9370003938674927	0.0	0.0	1.696429967880249	0.0	0.0	0.0	0.0038389861583709717	1.424782156944275	0.06769652664661407	0.10362016409635544	0.0	0.6752880811691284	0.0	0.0	0.0	3.1606993675231934	0.0	0.0	0.0	0.0	0.0
1.3446543216705322	0.0	2.5884618759155273	1.1873058080673218	0.0	3.2536890506744385	2.20929217338562	0.0	1.0542263984680176	0.0	0.6016035676002502	0.45786842703819275	0.0	0.0	2.983919143676758	2.8063862323760986	3.3131988048553467	0.0	0.0	4.773340702056885	0.0	0.0	4.108135223388672	0.0	2.619638442993164	0.0	0.0	0.0	2.5232412815093994	0.0	0.0	0.0	2.459557056427002	0.0	0.9641264081001282	0.0	2.684680700302124	1.398823618888855	0.0	1.5934197902679443	5.549656391143799	0.0	0.0	2.059114933013916	0.13481272757053375	0.0	0.0	0.2620016634464264	0.0	0.0	4.276710510253906	3.7258353233337402	0.0	0.0	0.0	1.1312220096588135	2.1701443195343018	0.0	1.4191257953643799	2.829531669616699	0.0	0.0	0.0	2.7790274620056152	0.0	2.690664052963257	1.8648661375045776	0.0	4.487950325012207	1.707786202430725	0.0	0.0	2.3223209381103516	0.0	1.2287366390228271	4.7240705490112305	0.0	0.0	2.068291425704956	2.8517067432403564	0.0	5.860373020172119	0.0	0.7766844034194946
0.7822550535202026	0.0	1.747771143913269	1.5889793634414673	0.0	1.3674746751785278	1.0214245319366455	0.0	0.8832529783248901	0.0	1.0065726041793823	0.8416417837142944	0.0	0.0	2.077183485031128	1.3825531005859375	0.7175979614257812	0.0	0.0	2.6570851802825928	0.0	0.0	2.818873405456543	0.06273806095123291	1.2635201215744019	0.0	0.0	0.0	2.1687986850738525	0.4500662088394165	0.04415801540017128	0.0	2.7215397357940674	0.362790584564209	0.7127540111541748	0.21145093441009521	2.0878612995147705	0.4816122055053711	0.3401937484741211	0.9538087844848633	3.2803304195404053	0.0	0.0	1.966087818145752	0.08371254801750183	0.0	0.11015816032886505	0.0	0.0	0.0	2.4222495555877686	1.852708339691162	0.0	0.0	0.0	1.0715715885162354	1.4088882207870483	0.0	1.4083880186080933	1.2045526504516602	0.0	0.0	0.0	1.243347406387329	0.0	1.5972179174423218	1.1685945987701416	0.0	3.263856887817383	1.4154767990112305	0.0	0.0	1.2929959297180176	0.0	1.239358901977539	1.799163579940796	0.0	0.0	1.3916434049606323	1.5822243690490723	0.0	3.9131195545196533	0.0	0.0
1.5979582071304321	0.0	1.8541524410247803	0.7276654839515686	0.0	2.470174551010132	1.7923643589019775	0.0	0.8757729530334473	1.1777427196502686	0.9802747964859009	0.0	0.0	0.0	0.8484477996826172	1.3279367685317993	0.9026708602905273	0.0	0.0	3.9879086017608643	0.0	0.0	2.060446262359619	0.0	3.0115230083465576	0.0	0.0	0.0	1.4288091659545898	0.0	0.0	0.0	2.125220537185669	0.0	0.8258850574493408	0.3501684367656708	2.1655502319335938	1.5682563781738281	1.2109284400939941	0.53495854139328	3.8177907466888428	0.0	0.0	2.219252109527588	0.5234249830245972	0.0	0.0	1.0665369033813477	0.0	0.0	2.135221481323242	0.8381987810134888	0.0	0.0	0.0	0.2524832785129547	0.8019123077392578	0.0	1.4387257099151611	1.0390305519104004	0.0	0.0	0.0	3.0023040771484375	0.0	2.1433966159820557	0.40504711866378784	0.0	1.897442102432251	1.3642890453338623	0.0	0.0	0.9534164071083069	0.0	0.32239481806755066	3.6458396911621094	0.37490126490592957	0.914340078830719	2.9786858558654785	1.9689453840255737	0.0	3.8915481567382812	0.0	0.0
0.0	0.8122509717941284	0.7827324271202087	0.766475260257721	2.0203397274017334	0.0	0.0	3.636652708053589	0.9448634386062622	3.6955413818359375	0.0	0.0	0.0	0.0	1.0785447359085083	0.25882577896118164	2.1248183250427246	2.689310312271118	0.0	0.8560917973518372	0.0	2.959557056427002	0.0	3.896738052368164	0.0	0.0	0.0	0.0	0.0	1.6978381872177124	0.0	2.2467567920684814	0.0	1.4089107513427734	0.09875351190567017	0.5687662959098816	0.0	0.6069785952568054	1.1822246313095093	0.8973308801651001	0.0	0.0	0.0	0.1262783706188202	0.7525112628936768	0.0	1.7841774225234985	0.0	0.0	2.3631491661071777	0.0	0.13434238731861115	0.0	0.9513686895370483	2.0842361450195312	1.060374140739441	0.8622680306434631	2.501701831817627	0.25775548815727234	0.3279499113559723	3.622884750366211	0.3871205747127533	4.454756736755371	0.0	0.0	0.9058500528335571	0.35812538862228394	0.0	0.0	0.0	3.5443503856658936	4.1220855712890625	0.448433518409729	0.0	0.6929421424865723	0.7308074831962585	0.0	0.7545439600944519	2.3415749073028564	0.0	0.0	0.674761950969696	0.0	0.0
0.0	0.6580760478973389	0.2522878348827362	0.491433709859848	0.5626410245895386	0.0	0.0	1.1747801303863525	0.39231443405151367	1.4539682865142822	0.0	0.9618761539459229	0.0	0.0	1.6200984716415405	0.1999826431274414	1.092374324798584	1.1572192907333374	0.0	0.0	0.0	1.328967571258545	0.227784663438797	2.3951916694641113	0.0	0.0	0.0	0.0	0.30694714188575745	1.051438331604004	0.0	0.6979950070381165	0.4138942062854767	1.4485654830932617	0.23456113040447235	0.40040963888168335	0.5448094606399536	0.0	0.3576151132583618	0.43008771538734436	0.0	0.0	0.0	0.5457375049591064	0.17412033677101135	0.0	2.4792261123657227	0.0	0.0	0.7159290909767151	0.0	1.3830199241638184	0.0	1.2145546674728394	1.3865951299667358	0.05761145055294037	0.8684988021850586	1.1232601404190063	0.34736597537994385	0.2048417031764984	1.904260516166687	0.2591667175292969	2.2260823249816895	0.0	0.0	0.7074775695800781	0.6304154396057129	0.0	0.0	0.43047183752059937	0.3818572163581848	2.0683648586273193	0.07438627630472183	0.0	1.1834278106689453	0.0	0.0	0.0	0.36884334683418274	0.0	0.0	0.12764956057071686	0.0	0.0
0.0	0.0	2.525730848312378	2.216085910797119	0.2484709471464157	0.0	0.0	0.0	1.2537274360656738	0.5991878509521484	0.0	1.4318289756774902	0.0	0.0	3.085294485092163	0.0	0.5129662752151489	0.16696226596832275	0.0	1.6781597137451172	0.0	0.0	0.8176549673080444	0.792052686214447	0.0	0.0	0.0	0.0	0.7137246131896973	3.721283197402954	0.024115921929478645	0.0	0.0	1.1803492307662964	0.5226145386695862	1.8155698776245117	1.3582147359848022	0.08520586043596268	0.0	1.8595998287200928	0.9272412657737732	0.0	0.0	1.764222502708435	0.0	0.0	2.0791914463043213	0.0	0.0	0.0	2.337631940841675	1.9453284740447998	0.0	2.104367971420288	0.0	0.0	2.601547956466675	0.0	0.9064562916755676	0.9492974877357483	2.9197096824645996	0.44074171781539917	0.2492973953485489	0.0	0.0	0.581626832485199	0.0	0.0	2.1378140449523926	0.0	0.29630380868911743	1.1662160158157349	0.7399829626083374	0.0	2.240186929702759	0.6171147227287292	0.1497552990913391	0.0	0.2700287103652954	1.2270539999008179	0.0	2.6566240787506104	0.0	0.0
0.663790762424469	0.0	0.49420973658561707	0.0	1.8245762586593628	0.0	0.29773086309432983	2.818301200866699	0.8207982778549194	3.545637607574463	0.0	0.3247022330760956	0.06308498978614807	0.0	1.4772084951400757	0.3391300141811371	2.2397589683532715	1.7793830633163452	0.0	1.0028502941131592	0.0	1.3383266925811768	0.0	2.2332236766815186	0.577501118183136	0.0	0.0	0.0	0.1330607533454895	0.09837959706783295	0.0	0.9218462705612183	0.09882014244794846	0.8215892314910889	0.0	0.0	0.0	0.6969034671783447	0.6470953822135925	0.0	0.0	0.0	0.0	0.5388966798782349	1.9083671569824219	0.0	2.430655002593994	0.0	0.0	2.5978922843933105	0.0	0.5798252820968628	0.0	1.7657119035720825	1.7368441820144653	0.609289824962616	0.18939116597175598	2.498480796813965	0.3170256018638611	1.1444838047027588	2.6241769790649414	0.0	2.9041991233825684	0.5939978957176208	0.0	0.8041937947273254	0.0	0.0	0.0	0.0	1.3604919910430908	2.250833511352539	0.0	0.0	0.5103532075881958	0.9830717444419861	0.9232865571975708	1.716823697090149	2.195065498352051	0.0	0.0	0.5084350109100342	0.0	0.0
0.0	2.2119507789611816	2.22493577003479	2.2910218238830566	1.2235184907913208	0.0	0.0	2.2460403442382812	0.4543793797492981	2.7447917461395264	0.0	0.6519871950149536	0.0	0.0	0.0	0.0	0.0	2.053753137588501	0.0	0.20169824361801147	0.0	1.8593649864196777	0.054672032594680786	2.5294954776763916	0.09237323701381683	0.0	0.0	0.0	0.0	1.5977082252502441	0.1857673078775406	0.527152419090271	0.03793807327747345	1.0219900608062744	1.9834192991256714	2.1223158836364746	0.0	1.5948753356933594	2.2875964641571045	0.0	0.0	0.0	0.028232108801603317	1.5105046033859253	0.0	0.0	1.797125220298767	0.0	1.6744136810302734	0.30066487193107605	0.0	0.0	0.0	0.6655093431472778	0.0	0.3358873128890991	1.2096993923187256	0.0	0.6905506253242493	0.0	1.8400638103485107	1.8513679504394531	3.2112598419189453	0.0	0.0	2.341709613800049	0.0	0.0	0.0	0.0	2.2941484451293945	2.0013043880462646	0.0	0.0	0.8651609420776367	0.0	0.0	0.0	2.9279849529266357	0.0	0.0	0.0	0.0	0.0
0.0	0.0	1.1195580959320068	0.8443297147750854	0.0	1.3577766418457031	0.0	0.0	1.1091049909591675	0.0	0.0	1.5966506004333496	0.0	0.0	5.590281963348389	1.1840580701828003	2.267063856124878	0.0	0.0	4.215492248535156	0.0	0.0	4.235987663269043	0.34479081630706787	1.7491832971572876	0.0	0.0	0.0	2.418152332305908	1.7297438383102417	0.0	0.0	0.756993293762207	0.0	0.0	0.0	3.405593156814575	0.3755355179309845	0.0	2.892261266708374	4.666487216949463	0.0	0.0	1.088449478149414	0.0	0.0	0.0	0.0	0.0	0.0	4.130687713623047	5.473466396331787	0.0	0.7982606887817383	0.0	0.0	2.1759657859802246	0.0	0.6832526326179504	2.866312265396118	0.0	0.0	0.0	0.9063451290130615	0.0	0.5539825558662415	2.8478384017944336	0.0	5.304291248321533	0.815015971660614	0.0	0.0	0.6250494718551636	0.0	2.903228521347046	3.0569887161254883	0.0	0.0	0.2779137194156647	2.510080337524414	0.0	5.819912910461426	0.0	0.770554780960083
0.0	0.30779770016670227	1.9183320999145508	0.0	0.2615775465965271	0.0	0.0	1.2056515216827393	0.0	2.0075647830963135	1.5811697244644165	0.0	0.0	0.1579262912273407	0.0	0.0	0.0	0.26928478479385376	0.0	1.7839250564575195	0.0	1.8993356227874756	1.0166821479797363	1.4916470050811768	1.6120188236236572	0.0	0.0	0.0	0.2198958396911621	0.0	0.0	0.23713216185569763	1.364973545074463	0.4049787223339081	0.8214470744132996	0.36426472663879395	0.8403819799423218	1.733493447303772	2.376436710357666	0.6454394459724426	2.0781242847442627	0.0	0.0	2.017153263092041	0.0	0.0	0.0	0.0	0.001193532720208168	0.0	0.0	0.0	0.0	0.06215701997280121	0.0	0.0	0.1259729564189911	0.0	1.1151491403579712	0.0	0.0	0.0	1.574470043182373	1.672202229499817	0.0	2.1474390029907227	0.0	0.0	0.5870901346206665	0.3444284498691559	0.0	0.47702109813690186	0.0	0.0	0.0	1.7934305667877197	0.0	0.020479589700698853	3.546858310699463	0.0	0.0	0.6906645894050598	0.0	0.0
0.0	0.0	0.0	0.8481960296630859	0.0	0.3177303671836853	0.0	0.0	0.6202172040939331	0.0	0.3677971065044403	1.7010436058044434	0.0	0.0	4.809070587158203	0.4388667345046997	1.3916341066360474	0.0	0.0	1.8787949085235596	0.0	1.3583332300186157	4.338927268981934	2.306483268737793	0.0	0.0	0.0	0.0	2.137270450592041	0.6268671154975891	0.0	0.0	1.7216949462890625	2.5977065563201904	0.0	0.0	3.4066174030303955	0.0	0.0	2.9877381324768066	3.7498257160186768	0.0	0.0	1.0520678758621216	0.0	0.0	1.3302139043807983	0.0	0.0	0.0	1.612571120262146	5.340663433074951	0.0	1.625678539276123	0.0	0.30402469635009766	1.6691936254501343	0.0	1.7180237770080566	1.3966588973999023	0.0	0.0	0.0	0.0	0.0	0.0	3.1107378005981445	0.0	4.6798996925354	1.7104766368865967	0.0	0.0	0.48820173740386963	0.0	2.8680036067962646	0.0	0.0	0.0	0.0	0.9558144807815552	0.0	4.153732776641846	0.0	0.0
0.0	0.7104099988937378	0.7770864963531494	0.6898566484451294	1.3231955766677856	0.0	0.0	2.1790719032287598	1.3687790632247925	1.2535886764526367	0.0	0.9463366270065308	0.0	0.0	1.6436342000961304	0.3315015733242035	1.1078457832336426	1.0257214307785034	0.0	0.3684965670108795	0.0	1.5353131294250488	0.052331626415252686	2.3085505962371826	0.0	0.0	0.0	0.0	0.015830159187316895	1.2322182655334473	0.0	0.5971997380256653	0.0	1.7768782377243042	0.0	1.1901614665985107	0.0	0.5371913909912109	0.7406454086303711	0.5597005486488342	0.23652678728103638	0.0	0.0	0.3071119785308838	0.0	0.0	2.1468019485473633	0.0	0.3973928391933441	0.41642358899116516	0.0	1.1407344341278076	0.0	1.705008864402771	0.5054365992546082	0.0	1.6991496086120605	0.6282918453216553	0.6145169734954834	0.4468829035758972	2.0968515872955322	0.6477956175804138	2.2606358528137207	0.0	0.0	0.8620291352272034	0.8268463611602783	0.0	0.32629531621932983	0.38808855414390564	1.2545231580734253	2.4567699432373047	0.0	0.0	1.7019206285476685	0.0	0.0	0.06872481107711792	1.0394889116287231	0.0	0.0	0.5084398984909058	0.0	0.0
0.0	3.066972255706787	1.6124664545059204	1.8001108169555664	0.12748435139656067	0.0	0.0	2.8285791873931885	2.3641366958618164	1.5148652791976929	0.0	3.3854238986968994	0.0	0.0	1.3130192756652832	0.0	0.31008026003837585	0.6076171398162842	0.0	0.9749907851219177	0.0	1.6871345043182373	3.769522190093994	4.772915840148926	0.0	0.0	0.0	0.0	2.8634157180786133	0.0	0.0	0.37038516998291016	2.4495773315429688	0.7406195402145386	2.571213960647583	2.7134623527526855	1.6771950721740723	2.4530768394470215	3.729059934616089	1.7722322940826416	1.6472444534301758	0.0	0.0	0.0	0.0	0.0	4.363137245178223	0.0	3.6523098945617676	0.0	0.0	3.3359792232513428	0.0	0.9722293615341187	0.0	0.0	0.6679428219795227	0.0	1.3529068231582642	0.6882910132408142	0.0	0.3141040503978729	3.344662666320801	0.0	0.0	3.083183765411377	3.9243273735046387	0.0	0.2661784291267395	0.48940539360046387	0.0	2.4720304012298584	0.0	0.0	4.243796348571777	0.0	0.0	0.0	0.6836387515068054	0.8739165663719177	0.0	0.27516788244247437	0.0	0.0
0.2331400066614151	0.0	0.9659165740013123	2.1826021671295166	0.0	0.7503663897514343	0.0	0.0	1.3546451330184937	0.0	0.1328219622373581	1.3702853918075562	0.0	0.0	4.495995044708252	1.5945370197296143	1.6378169059753418	0.0	0.0	3.6952240467071533	0.0	0.4705265760421753	4.104528427124023	1.627573013305664	0.0	0.0	0.0	0.0	2.4452390670776367	2.1186771392822266	0.0	0.0	1.7180428504943848	1.4087083339691162	0.5719900131225586	0.3236576020717621	3.486265182495117	0.0	0.0	3.5180070400238037	3.57582426071167	0.0	0.0	2.001628875732422	0.41642576456069946	0.0	0.9061993360519409	0.0	0.0	0.0	2.447809934616089	4.450472831726074	0.0	0.851500391960144	0.0	1.0743941068649292	1.72541081905365	0.0	1.0442577600479126	1.3834984302520752	0.32809847593307495	0.0	0.0	0.2104494422674179	0.0	0.11215530335903168	2.0432584285736084	0.0	4.772996425628662	1.682360291481018	0.0	0.1257244348526001	1.20591139793396	0.0	3.0911343097686768	1.2920382022857666	0.0	0.0	0.0	2.9299428462982178	0.0	5.406365394592285	0.0	0.0
0.0941922664642334	0.0	1.7055320739746094	1.049124002456665	0.0	0.6699215173721313	0.141931414604187	0.0	0.22690576314926147	0.8204970955848694	0.0	1.065236210823059	0.0	0.0	3.227224588394165	0.4559328854084015	1.5642071962356567	0.4290844798088074	0.0	1.3140311241149902	0.0	0.2621893286705017	0.14276835322380066	1.5192735195159912	0.7255697250366211	0.0	0.0	0.0	0.6561105847358704	2.2216737270355225	0.0	0.0	0.28057295083999634	1.6926251649856567	0.0	0.2689612805843353	0.35370004177093506	0.30520352721214294	0.0	0.3726818263530731	1.5287232398986816	0.0	0.0	1.4412574768066406	0.0	0.0	1.7271705865859985	0.0	0.0	1.3105370998382568	0.839707612991333	2.6915011405944824	0.0	1.8542563915252686	0.06850176304578781	0.6924117803573608	1.2901018857955933	0.7355425953865051	0.0	1.0629050731658936	2.0316643714904785	0.14528970420360565	1.3593904972076416	0.04875381290912628	0.0	0.4063931107521057	0.3910064101219177	0.0	2.1427414417266846	0.0	1.2152700424194336	1.1054288148880005	0.1828204095363617	0.0	1.0529597997665405	1.2387638092041016	0.0	0.0	0.43482911586761475	0.0	0.0	1.9078210592269897	0.0	0.0
0.0	1.0045160055160522	1.783713698387146	2.2921929359436035	2.120359182357788	0.0	0.0	1.0304189920425415	2.1711740493774414	1.048431158065796	0.055818576365709305	2.4670238494873047	0.17452850937843323	0.0	0.4919760227203369	0.0	0.0	1.495248794555664	0.0	0.5553608536720276	0.0	1.238771677017212	0.37223201990127563	1.2271989583969116	0.0	0.0	0.0	0.0	0.9688810706138611	1.7623423337936401	0.9795486927032471	0.0	0.13254274427890778	2.6378109455108643	1.365343451499939	2.1036972999572754	1.0319654941558838	0.01794452592730522	0.0	0.8579274415969849	0.0	0.0	0.0	1.743690848350525	0.0	0.0	3.2281575202941895	0.0	1.5331532955169678	0.0	0.01173267513513565	0.0	0.0	2.7863008975982666	0.0	0.16717760264873505	3.848518133163452	0.0	2.106130838394165	0.0	1.8753465414047241	2.6344950199127197	1.849450945854187	0.0	0.0	1.7551124095916748	0.0	0.0	0.0	0.9048319458961487	0.2701330780982971	1.2145435810089111	0.0	0.0	3.22513484954834	0.0	0.0	0.0	1.820892333984375	0.0	0.0	0.0	0.0	0.0
0.0	0.7786010503768921	0.23131775856018066	1.3725167512893677	0.08730295300483704	0.0	0.0	1.0716787576675415	0.0	1.2226406335830688	0.7403538227081299	0.7300882339477539	0.0	0.1782393455505371	0.26404887437820435	0.0	0.0	0.0	0.0	0.6660606265068054	0.0	1.680129051208496	1.9248321056365967	2.7452354431152344	0.0	0.0	0.0	0.0	0.5198447704315186	0.011042095720767975	0.0	0.0	1.521987795829773	1.3526190519332886	0.7772368788719177	0.561694860458374	0.9270492792129517	0.8176267147064209	1.2400792837142944	0.36332282423973083	0.2798437476158142	0.0	0.0	1.2406222820281982	0.0	0.0	1.4729077816009521	0.0	0.814241886138916	0.0	0.0	0.08344195783138275	0.0	0.6028307676315308	0.0	0.0	0.27291399240493774	0.0	1.8085651397705078	0.0	0.0	0.7708286643028259	1.9370300769805908	0.0	0.0	0.9004989862442017	1.180910587310791	0.0	0.13705001771450043	1.1501389741897583	0.0	0.602877140045166	0.12215636670589447	0.0	1.1188040971755981	0.0	0.0	0.006182223558425903	1.3763625621795654	0.16042253375053406	0.0	0.6023971438407898	0.0	0.0
0.09152622520923615	0.0	1.3909285068511963	0.0	0.0	2.2514359951019287	0.5708273649215698	0.0	0.0	0.0	1.4215669631958008	1.0826396942138672	0.0	0.0	2.9233028888702393	1.1488616466522217	1.6646519899368286	0.0	0.0	2.3042726516723633	0.0	1.8298518657684326	4.3098344802856445	1.6998451948165894	1.1030652523040771	0.0	0.0	0.0	0.88136225938797	0.08693666011095047	0.0	0.1434311866760254	2.7380447387695312	2.0172595977783203	0.0	0.0	2.7451632022857666	0.8418760299682617	0.10096175968647003	1.301767349243164	4.223320960998535	0.0	0.0	2.694181442260742	0.10259723663330078	0.0	0.3364492654800415	0.0	0.0	0.0	0.875368595123291	3.5718228816986084	0.0	0.06497526168823242	0.0	0.9266746640205383	1.5134899616241455	0.0	0.7252890467643738	1.3171088695526123	0.0	0.0	0.09669798612594604	1.9291555881500244	0.0	1.3826860189437866	2.2658450603485107	0.0	3.743427276611328	2.0826470851898193	0.0	0.0	0.744524359703064	0.0	1.097883939743042	2.2214932441711426	0.0	0.0	2.0388057231903076	0.8037563562393188	0.0	3.7382047176361084	0.0	0.2420329451560974
0.0	1.3622413873672485	0.7873093485832214	0.7825139164924622	0.769060492515564	0.0	0.0	3.5544779300689697	1.8235808610916138	2.660830020904541	0.0	1.3008837699890137	0.0	0.0	2.503108263015747	0.0	2.9264965057373047	1.8858141899108887	0.0	0.8553112745285034	0.0	2.2294323444366455	0.0	4.2725043296813965	0.0	0.0	0.0	0.0	0.023877233266830444	1.2891203165054321	0.0	2.073160171508789	0.0	1.0222680568695068	0.7122392654418945	0.4998318552970886	0.26130080223083496	1.759838581085205	1.752342939376831	0.7275474071502686	0.49783700704574585	0.0	0.0	0.0	0.0	0.0	2.9442811012268066	0.0	0.0	1.4777274131774902	0.0	2.378114938735962	0.0	0.9991170167922974	2.23067307472229	0.0	2.0132486820220947	1.9162242412567139	0.0	0.9506551623344421	2.8803207874298096	0.4069303572177887	5.009500026702881	0.0	0.0	2.251049280166626	1.8860456943511963	0.0	0.4377332329750061	0.0	1.794583797454834	4.88100004196167	0.010675841011106968	0.0	2.2371902465820312	0.7836843132972717	0.0	0.1381981074810028	1.4959057569503784	0.0	0.0	0.274476021528244	0.0	0.0
0.0	2.3693594932556152	0.0817873552441597	0.7701042890548706	0.0	0.0	0.0	3.134755849838257	1.5428177118301392	1.6870428323745728	0.18187908828258514	2.373399257659912	0.0	1.6335252523422241	0.7493281364440918	0.0	0.0	0.0	0.0	1.666764259338379	0.0	0.27028965950012207	3.528233051300049	4.312222480773926	0.44329559803009033	0.0	0.0	0.0	2.3908047676086426	0.0	0.0	0.0	2.655597448348999	0.0	2.4901058673858643	0.9850995540618896	1.3903695344924927	1.8890622854232788	4.099380970001221	1.8775129318237305	0.29785871505737305	0.0	0.35666829347610474	0.0	0.0	0.0	2.764350652694702	0.0	3.449312925338745	0.0	0.6385784149169922	1.196053385734558	0.0	0.8086061477661133	0.0	0.0	0.0	0.0	1.7866101264953613	1.2211992740631104	0.0	0.0	3.053860664367676	0.0	0.0	1.7464051246643066	3.5037689208984375	0.0	1.5182559490203857	0.0	0.0	2.4120850563049316	0.0	0.0	3.621166944503784	0.0	0.0	0.0	0.14407089352607727	0.9113365411758423	0.0	1.7257426977157593	0.0	0.0
3.8215858936309814	0.0	1.6046104431152344	0.0	1.6177064180374146	0.0	0.0	4.200460910797119	0.0	5.6103034019470215	1.8064963817596436	0.0	0.6681442260742188	3.1495494842529297	0.0	0.0	0.22598636150360107	1.0409449338912964	0.0	3.8361730575561523	0.0	0.0	0.0	0.9671400189399719	5.324120998382568	0.0	0.0	0.0	2.375063419342041	0.0	1.1773520708084106	0.0	1.9585391283035278	0.0	1.2228072881698608	0.6550023555755615	0.0	2.2301840782165527	4.178170204162598	0.0	0.0	0.0	2.453423261642456	1.2922110557556152	0.2805677056312561	0.0	1.5065282583236694	0.0	0.0	0.0	2.270444393157959	0.0	0.0	1.6071072816848755	0.0	0.0	0.0	0.0	1.889561653137207	0.659136950969696	0.5683615207672119	0.0	1.8666296005249023	3.4756362438201904	0.0	3.8248674869537354	0.0	0.0	0.0	0.0	0.0	1.0438988208770752	0.0	0.0	0.0	3.5305631160736084	7.356661319732666	3.239917039871216	6.1498517990112305	0.0	0.0	2.21817684173584	0.0	0.0
0.9679253697395325	0.0	1.029612421989441	0.0	0.8899127244949341	0.0	0.6074962615966797	1.7891579866409302	0.0	2.2501399517059326	0.37692269682884216	0.0	0.0	1.09312903881073	0.0	0.0	0.34822842478752136	0.003391072154045105	0.0	2.329437494277954	0.0	0.34845617413520813	0.0	0.163620725274086	2.1308934688568115	0.0	0.0	0.0	0.5604912042617798	0.0	0.24466891586780548	0.0	0.8955021500587463	0.0	0.5951552391052246	0.41801702976226807	0.5071017146110535	1.5604699850082397	1.725881814956665	0.21619760990142822	1.6537387371063232	0.0	0.0	0.7295927405357361	0.04731639847159386	0.0	0.0	0.0	0.0	0.0	1.019927740097046	0.0	0.0	0.0	0.0	0.0	0.0	0.0	1.2289681434631348	0.5205976963043213	0.0	0.0	0.23455655574798584	1.8446390628814697	0.0	1.329817533493042	0.0	0.0	0.41558390855789185	0.0	0.0	0.0	0.0	0.0	0.0	2.2876384258270264	1.1244865655899048	2.009202480316162	2.684109687805176	0.0	0.0	1.5365511178970337	0.0	0.0
0.0	0.0	0.14399853348731995	1.9292808771133423	0.0	0.05309395492076874	0.0	0.0	0.8319334983825684	0.0	0.0	3.22088885307312	0.0	0.0	8.167232513427734	0.18309728801250458	3.628235101699829	0.0	0.0	2.02811336517334	0.0	0.29149073362350464	5.112870693206787	4.649689674377441	0.0	0.0	0.0	0.0	2.5831618309020996	1.5462498664855957	0.0	0.0	1.7524607181549072	2.0895822048187256	0.0	0.0	4.425340175628662	0.0	0.0	3.963843822479248	4.065052509307861	0.0	0.0	0.19459401071071625	0.0	0.0	2.862116813659668	0.0	0.0	0.0	2.4266977310180664	8.356301307678223	0.0	1.8729190826416016	2.5949172973632812	0.0	2.8874921798706055	0.0	0.0	2.98001766204834	0.0	0.0	2.165994167327881	0.0	0.0	0.24858160316944122	5.618345737457275	0.0	6.248527526855469	0.661690354347229	0.0	2.3000428676605225	0.5775527358055115	0.0	4.746521949768066	0.293964684009552	0.0	0.0	0.0	2.3678882122039795	0.0	4.210744857788086	0.0	0.0
0.0	2.5518593788146973	0.0	0.0	2.6662185192108154	0.0	0.0	5.608443737030029	0.5228224396705627	2.667640447616577	0.0	0.8184202909469604	0.25067049264907837	0.7377170324325562	0.0	0.0	0.2726055085659027	1.4921047687530518	0.0	0.175074964761734	0.0	2.38446044921875	0.45892956852912903	3.4506940841674805	0.8046561479568481	0.0	0.0	0.0	0.0	0.0	1.1517096757888794	0.6328548192977905	0.7791608572006226	0.0	0.8116572499275208	0.2781766653060913	0.0	2.1125411987304688	3.5623674392700195	0.0045324936509132385	0.0	0.0	0.0	0.0	0.0	0.0	1.6836490631103516	0.0	2.029952049255371	0.0	0.0	0.0	0.0	0.8080781698226929	0.0	0.0	0.0	0.0	1.6327013969421387	0.0	1.1424784660339355	0.27028992772102356	3.449083089828491	0.6351428031921387	0.0	2.971470594406128	1.1997848749160767	0.0	0.0	0.0	0.5989669561386108	2.784125328063965	0.0	0.0	1.110154390335083	0.0	0.9215173721313477	2.455279588699341	2.965595245361328	0.0	0.0	0.0	0.0	0.0
0.0	0.14720702171325684	0.0	0.0	1.9696351289749146	0.0	0.0	3.346057891845703	0.7043614983558655	2.48062801361084	0.0	0.7170426845550537	0.0	0.0	2.6249446868896484	0.0	1.9522589445114136	1.813621997833252	0.0	1.3602399826049805	0.0	2.736483097076416	0.0	3.661256790161133	0.02321850135922432	0.0	0.0	0.0	0.2989419102668762	1.0878095626831055	0.0	1.5371673107147217	0.0	2.0872011184692383	0.0	0.20063501596450806	0.49020931124687195	1.1383416652679443	1.1272449493408203	0.4434848725795746	0.8980275392532349	0.0	0.0	0.2310495376586914	0.6794368028640747	0.0	2.561884641647339	0.0	0.0	0.9141274094581604	0.0	2.104731321334839	0.0	1.9500902891159058	1.7968535423278809	0.0	0.1288195550441742	1.7925236225128174	0.6361151933670044	0.836425244808197	2.6693007946014404	0.0	2.7573750019073486	0.0	0.0	0.2893686294555664	1.1625230312347412	0.0	0.38199037313461304	0.08975650370121002	1.4371943473815918	2.880553722381592	0.0	0.0	1.5450984239578247	1.2683508396148682	0.0	1.8495361804962158	1.6026138067245483	0.0	0.0	1.052567720413208	0.0	0.0
0.0	1.2779728174209595	0.5891714096069336	0.0	0.9192516803741455	0.0	0.0	2.8226394653320312	0.09166646003723145	2.8968560695648193	0.0	1.1968804597854614	0.0	0.0	0.7319003939628601	0.0	0.5276843309402466	1.320630669593811	0.0	1.2059931755065918	0.0	2.7445271015167236	0.5815831422805786	3.7655906677246094	0.22535793483257294	0.0	0.0	0.0	0.4768636226654053	0.20892369747161865	0.0	1.8892673254013062	0.6601293087005615	1.0380035638809204	0.872739851474762	0.4839649200439453	0.1974705159664154	2.3610751628875732	3.0040464401245117	0.05613010376691818	0.3324233889579773	0.0	0.0	0.468892902135849	0.0	0.0	2.1093225479125977	0.0	1.0343828201293945	0.0	0.0	0.8491570949554443	0.0	1.285992980003357	1.0864174365997314	0.0	0.0	0.0	0.8613636493682861	0.0	1.244387149810791	0.0	3.5234534740448	0.0	0.0	1.955753207206726	1.4950369596481323	0.0	0.0	0.0	1.0092206001281738	2.5802950859069824	0.0	0.0	1.348145842552185	0.17485052347183228	0.0	0.6591388583183289	2.0761094093322754	0.0	0.0	0.11106162518262863	0.0	0.0
0.1346324235200882	1.7923096418380737	0.8166993260383606	0.0	0.942325234413147	0.0	0.0	3.770831823348999	0.5081391334533691	3.44173526763916	0.31007352471351624	1.5733312368392944	0.3176659047603607	2.404379367828369	0.0	0.0	0.22261419892311096	0.35626065731048584	0.0	1.846282720565796	0.0	0.5917284488677979	1.1400166749954224	3.303884506225586	2.3898820877075195	0.0	0.0	0.0	2.8198177814483643	0.0	0.11516620218753815	0.402960866689682	2.7199556827545166	0.0	1.9984630346298218	0.8911478519439697	0.0	2.3970789909362793	4.602483749389648	0.0	0.103802889585495	0.0	0.3699004650115967	0.0	0.0	0.0	3.0739502906799316	0.0	2.0944714546203613	0.0	0.5506621599197388	0.0	0.0	0.9148116111755371	0.0	0.0	0.0	0.0	1.336000680923462	0.7473151087760925	0.0	0.0	3.019094705581665	0.28885871171951294	0.0	2.8371410369873047	1.804998517036438	0.0	0.0	0.0	0.02987419068813324	1.270904541015625	0.0	0.0	1.9918006658554077	0.22541767358779907	2.1690104007720947	0.9332540035247803	2.002979278564453	0.0	0.0	1.262342929840088	0.0	0.0
0.0	0.0	1.31923508644104	2.606825590133667	0.0	0.0	0.0	0.0	0.473746657371521	0.875978410243988	0.15551988780498505	1.4496469497680664	0.0	0.0	3.3673319816589355	0.0	0.16994157433509827	0.0	0.0	2.804126024246216	0.0	0.0	3.5668535232543945	2.3164961338043213	0.0962340384721756	0.0	0.0	0.0	2.4298436641693115	1.4274730682373047	0.0	0.0	1.8770965337753296	0.24247297644615173	1.7184520959854126	0.672021746635437	3.498873233795166	0.7698743343353271	0.0	2.5675673484802246	2.653177261352539	0.0	0.0	1.090962529182434	0.0	0.0	1.5731722116470337	0.0	0.07872552424669266	0.0	1.4217184782028198	4.038812637329102	0.0	0.3300321698188782	0.0	0.0	0.22375179827213287	0.0	1.600764274597168	1.5368435382843018	0.0	0.0	0.7949633002281189	0.0	0.0	0.0	2.5236263275146484	0.0	3.451659917831421	0.015345118939876556	0.0	0.2909073531627655	0.02159806340932846	0.0	2.351522445678711	0.4536011219024658	0.0	0.0	0.0	1.6211997270584106	0.0	3.7881219387054443	0.0	0.0
0.0	0.24195286631584167	0.2036934792995453	0.0	1.2412906885147095	0.0	0.0	1.939899206161499	1.0770896673202515	1.8651553392410278	0.0	1.0856029987335205	0.0	0.0	3.078611373901367	0.43870988488197327	2.4254207611083984	1.76406991481781	0.0	0.5029469728469849	0.0	1.123713731765747	0.0	2.7372961044311523	0.0	0.0	0.0	0.0	0.34362268447875977	1.1830300092697144	0.0	0.8438747525215149	0.0	1.600547194480896	0.0	0.0	0.0	0.0415266714990139	0.013678401708602905	0.12482433766126633	0.17347916960716248	0.0	0.0	0.2518698573112488	0.73567795753479	0.0	2.8913190364837646	0.0	0.0	1.9473018646240234	0.06464744359254837	2.1629836559295654	0.0	2.3655011653900146	2.4667115211486816	0.37652844190597534	1.099944829940796	2.239593505859375	0.0	0.963628351688385	2.9272007942199707	0.0	2.865302801132202	0.0	0.0	0.4939185380935669	0.9763110876083374	0.0	0.3866102695465088	0.0	1.4397494792938232	2.656637191772461	0.16804122924804688	0.0	1.75893235206604	0.0	0.0	0.02211284637451172	0.5119855403900146	0.0	0.0	0.6378742456436157	0.0	0.0
0.0	1.0247278213500977	0.9551162719726562	1.4735041856765747	0.9325358867645264	0.0	0.0	1.6901930570602417	0.9471794366836548	2.714026927947998	0.0	1.2807666063308716	0.49967721104621887	0.03446250036358833	1.410412311553955	0.0	0.6737042665481567	1.5940660238265991	0.0	0.6465148329734802	0.0	0.6029272079467773	0.0	2.400353193283081	0.0	0.0	0.0	0.0	0.7127988934516907	1.875552773475647	0.0	0.7996622920036316	0.01837383210659027	0.6910116672515869	1.4526327848434448	1.5099693536758423	0.0	0.3996385335922241	1.1245346069335938	0.0	0.0	0.0	0.0	0.5182505249977112	0.04417536035180092	0.0	2.9582085609436035	0.0	0.4007301330566406	1.0693955421447754	0.0	0.7552096843719482	0.0	1.5752586126327515	1.4742478132247925	0.0	0.0	0.3185579776763916	0.762377142906189	0.4883596897125244	2.555957555770874	0.08687804639339447	2.9686837196350098	0.0	0.0	0.45941877365112305	0.7791323661804199	0.0	0.0	0.0	1.3428058624267578	2.3440752029418945	0.33699434995651245	0.0	1.6039166450500488	0.0	0.0	0.0	0.19226108491420746	0.0	0.0	0.6086209416389465	0.0	0.0
0.0	0.9016199707984924	0.0	0.06200907379388809	1.2250832319259644	0.0	0.0	2.1066887378692627	0.07471829652786255	1.2075854539871216	0.37840715050697327	0.3327898681163788	0.0	0.0	0.0	0.0	0.0	0.4425883889198303	0.0	0.02721080183982849	0.0	1.4681775569915771	0.5960732698440552	1.9803571701049805	0.0	0.0	0.0	0.0	0.0	0.0	0.10483172535896301	0.0	0.3840706944465637	1.0050486326217651	0.07028688490390778	0.06990943849086761	0.0	0.3193165957927704	0.6791753172874451	0.15491479635238647	0.0	0.0	0.0	0.9908338189125061	0.0	0.0	1.3151956796646118	0.0	0.9590884447097778	0.0	0.0	0.0	0.0	1.244328260421753	0.0	0.19883038103580475	1.0715861320495605	0.0	1.0260573625564575	0.0	0.8309047222137451	1.1208785772323608	1.71682870388031	0.12572801113128662	0.0	1.1189398765563965	0.034849755465984344	0.0	0.0	0.12813712656497955	0.46442943811416626	0.8211748600006104	0.20423653721809387	0.0	0.6715636253356934	0.0	0.0	0.7319424748420715	2.1070291996002197	0.0	0.0	0.0	0.0	0.0
0.0	0.32879531383514404	0.9510018229484558	0.16931211948394775	1.1779160499572754	0.0	0.44501781463623047	1.5465497970581055	0.0	1.6410470008850098	0.3612504005432129	0.0	0.0	0.0	0.0	0.6556735038757324	0.8145205974578857	1.2487879991531372	0.0	0.5848886966705322	0.0	1.5349171161651611	0.0	1.0877876281738281	0.28589650988578796	0.0	0.0	0.0	0.0	0.2074897289276123	0.33960431814193726	0.37208452820777893	0.4636668562889099	0.6571377515792847	0.0	0.2806462049484253	0.0776752158999443	0.453121542930603	0.4980562925338745	0.08496201783418655	0.6563513278961182	0.0	0.0	0.8847004175186157	0.29139938950538635	0.0	0.5992813110351562	0.0	0.0	0.8244743943214417	0.010539956390857697	0.0	0.0	0.6820055246353149	0.0	0.830036461353302	0.9490059018135071	0.9464274048805237	0.5876067280769348	0.0	1.3645901679992676	0.20456182956695557	1.380988359451294	0.6802467107772827	0.0	1.2894132137298584	0.0	0.0	0.0	0.577613353729248	1.6306203603744507	1.1995279788970947	0.20223470032215118	0.0	0.0	0.6476387977600098	0.1344388723373413	0.8139151334762573	2.1431381702423096	0.0	0.0	0.5708621144294739	0.0	0.0
0.0	1.5294017791748047	1.0186264514923096	1.3357962369918823	1.642006754875183	0.0	0.0	1.9975378513336182	0.15228745341300964	2.725508689880371	0.0	1.09609854221344	0.6911525726318359	0.0	1.0423282384872437	0.0	0.20476707816123962	1.6948984861373901	0.0	0.1851148009300232	0.0	1.826406717300415	0.0	3.12489914894104	0.0	0.0	0.0	0.0	0.004300951957702637	2.302497148513794	0.0	0.7664098143577576	0.0	1.2978110313415527	1.1854902505874634	1.688022255897522	0.02361997216939926	0.698245644569397	1.0742839574813843	0.4598213732242584	0.0	0.0	0.0	0.9978241324424744	0.11124461889266968	0.0	3.089400291442871	0.0	0.977702260017395	0.4908069968223572	0.0	0.1263582855463028	0.0	2.10483455657959	1.1421021223068237	0.0	0.17564687132835388	0.26274725794792175	0.868750274181366	0.0	2.635592222213745	1.0776684284210205	3.1624834537506104	0.0	0.0	0.22114092111587524	0.40681192278862	0.0	0.0	0.0	1.8121613264083862	2.146420955657959	0.023866552859544754	0.0	1.5761620998382568	0.0	0.0	0.0	0.5691516399383545	0.0	0.0	0.03187105804681778	0.0	0.0
0.0	0.46485158801078796	0.27787280082702637	1.413300633430481	0.0	0.0	0.0	0.0	0.0	0.0	1.7046830654144287	1.7135255336761475	0.0	0.21157598495483398	2.116328239440918	0.0	0.04259133338928223	0.0	0.0	1.130558967590332	0.0	0.8518542051315308	4.746949672698975	2.989301919937134	0.0	0.0	0.0	0.0	2.2408339977264404	0.0	0.0	0.0	4.497372627258301	1.487249493598938	1.1322206258773804	0.0	3.0688388347625732	0.0	0.37109851837158203	1.5521320104599	2.764613389968872	0.0	0.0	1.5793306827545166	0.0	0.0	2.6038410663604736	0.0	0.5655733346939087	0.0	0.0	3.3020153045654297	0.0	0.5820823907852173	0.0	0.43731367588043213	0.0	0.0	2.212712526321411	0.6839308142662048	0.0	0.0	0.9326683878898621	0.0	0.0	0.5644976496696472	3.3838634490966797	0.0	2.3830032348632812	1.5850634574890137	0.0	0.0	0.4411199390888214	0.0	1.964035153388977	0.0	0.0	0.0	0.0	0.9687384366989136	0.0	2.4656331539154053	0.0	0.0
0.0	0.0	0.8371338248252869	1.70272696018219	0.7008589506149292	0.21930371224880219	0.0	0.3906782269477844	1.9500383138656616	1.3892645835876465	1.0075159072875977	0.015026509761810303	0.0	0.0	1.529111623764038	1.2744009494781494	1.178039312362671	2.033169746398926	0.0	0.7815238237380981	0.0	0.8776927590370178	0.0	0.9457851648330688	0.0	0.0	0.0	0.0	0.0	1.4179617166519165	0.0	0.0	0.41065531969070435	2.833186388015747	0.6506281495094299	1.0960708856582642	0.9708609580993652	0.0	0.0	0.7356435060501099	0.3864681124687195	0.0	0.0	1.2167819738388062	0.5794098377227783	0.0	2.0100481510162354	0.0	0.0	0.2716518044471741	0.0	0.0	0.0	0.6648623943328857	0.0	1.2800319194793701	1.8251479864120483	0.4812735617160797	1.226233720779419	0.0	3.0065886974334717	0.7981235384941101	1.0373361110687256	0.0	0.0	0.7428651452064514	0.0	0.0	0.5481706857681274	2.1927506923675537	0.0	2.1777656078338623	0.48558226227760315	0.0	0.636538028717041	0.0	0.0	0.0	0.8197435140609741	0.0	0.0	1.1662180423736572	0.0	0.0
0.0	2.1269474029541016	0.41668054461479187	0.0	1.7515395879745483	0.0	0.0	3.753018617630005	0.0	3.059823989868164	0.0	1.4666415452957153	0.3504284918308258	0.17754405736923218	0.523502767086029	0.0	0.5182673931121826	1.4794080257415771	0.0	0.1853579580783844	0.0	2.5292253494262695	0.5724177360534668	4.166495323181152	0.0	0.0	0.0	0.0	0.9542602896690369	0.07410403341054916	0.0	1.3958736658096313	0.7436298131942749	0.2777402698993683	1.0459694862365723	0.9875808954238892	0.0	1.6177750825881958	2.9573915004730225	0.6266566514968872	0.0	0.0	0.0	0.0	0.0	0.0	3.005302906036377	0.0	1.9778356552124023	0.3619388937950134	0.0	0.8817496299743652	0.0	1.403929591178894	1.3454585075378418	0.0	0.0	0.0	0.8109538555145264	0.0	1.4948370456695557	0.0	3.6775784492492676	0.0	0.0	1.546805500984192	1.799424171447754	0.0	0.0	0.0	1.374871015548706	2.262347936630249	0.0	0.0	1.873355507850647	0.0	0.0	0.5992003083229065	1.1327357292175293	0.0	0.0	0.1415158063173294	0.0	0.0
0.0	0.0	1.6165090799331665	0.9714938998222351	0.0	2.566716194152832	0.0	0.0	1.7473686933517456	0.0	0.0	2.861640691757202	0.0	0.0	5.8465986251831055	2.3355352878570557	2.6135547161102295	0.0	0.0	4.329234600067139	0.0	0.38916081190109253	5.110936164855957	1.6656842231750488	1.375922441482544	0.0	0.0	0.0	3.6789844036102295	1.683887243270874	0.0	0.0	1.917733907699585	0.791204035282135	0.23193185031414032	0.0	3.0914387702941895	1.3141765594482422	0.0	3.187333583831787	5.630605697631836	0.0	0.0	1.0054011344909668	0.0	0.0	0.6694698929786682	0.0	1.1428744792938232	0.0	3.060485363006592	6.418163776397705	0.0	1.289348840713501	0.0	0.0	2.697227954864502	0.0	0.8534309267997742	2.315361976623535	0.0	0.0	0.0	0.7819535136222839	0.0	1.3662407398223877	3.767302989959717	0.0	5.8996806144714355	1.405554175376892	0.0	0.0	0.5835201740264893	0.0	4.698454856872559	1.81101393699646	0.0	0.0	0.2654321491718292	3.258693218231201	0.0	5.5105204582214355	0.0	0.9020346403121948
0.0	0.0	1.0128892660140991	0.41074270009994507	0.0	0.0	0.0	0.0	0.0	0.0	0.5276589393615723	2.0540771484375	0.0	0.0	3.7644147872924805	0.12622325122356415	1.3913034200668335	0.0	0.0	1.2212457656860352	0.0	0.5524365901947021	3.565368175506592	2.4438812732696533	0.0	0.0	0.0	0.0	2.159792184829712	1.109787106513977	0.0	0.0	2.155682325363159	0.9505735039710999	0.0	0.0	2.571230411529541	0.46145516633987427	0.0	1.7973055839538574	3.1232166290283203	0.0	0.0	1.544521689414978	0.0	0.0	1.8265444040298462	0.0	0.27514025568962097	0.0	1.1201003789901733	4.062980651855469	0.0	1.7624304294586182	0.0	0.0	1.0154660940170288	0.0	0.558272659778595	1.101039171218872	0.0	0.0	0.9435998797416687	0.0	0.0	0.3769204020500183	2.4969592094421387	0.0	3.268338918685913	0.26314759254455566	0.0	0.0	0.0	0.0	2.5606484413146973	0.0	0.0	0.0	0.2747455835342407	1.4197616577148438	0.0	2.578112840652466	0.0	0.0
0.26304948329925537	1.0126357078552246	1.3386304378509521	1.4755992889404297	1.9307297468185425	0.0	0.0	1.1166276931762695	0.0	0.9806248545646667	0.3555584251880646	0.781458854675293	0.0	0.0	0.0	0.5662197470664978	0.0	0.35099583864212036	0.0	0.0	0.0	2.697268486022949	0.4198034107685089	2.089442729949951	0.0	0.0	0.0	0.0	0.0	1.1488174200057983	0.7423494458198547	0.0	0.11794191598892212	3.2938592433929443	0.0	0.9922410249710083	0.0	0.0	0.0	0.44757410883903503	0.0	0.0	0.0	2.9706015586853027	0.0	0.0	2.2198548316955566	0.0	0.9909975528717041	0.0	0.0	0.0	0.0	2.724832534790039	0.0	2.0717902183532715	3.414034605026245	0.0	1.6949076652526855	0.0	1.5142297744750977	2.83651065826416	2.291459560394287	0.0	0.0	0.9880209565162659	0.0	0.0	0.0	0.7239688038825989	1.3532452583312988	0.504193127155304	0.5505263805389404	0.0	1.1257246732711792	0.0	0.0	0.0	2.488426685333252	0.0	0.0	0.0	0.0	0.0
1.2461903095245361	0.0	1.6649532318115234	0.11293138563632965	0.0	1.115297555923462	0.07147513329982758	0.0	0.9617539644241333	1.2596429586410522	1.7350225448608398	1.3545089960098267	0.0	0.8636946678161621	2.4058141708374023	0.0	1.27674400806427	0.0	0.0	4.029056072235107	0.0	0.0	4.0706634521484375	1.3497384786605835	2.5611090660095215	0.0	0.0	0.0	3.597294569015503	0.0	0.0	0.0	4.564859867095947	0.0	0.5259140133857727	0.0	2.5332581996917725	1.4556667804718018	2.214609384536743	1.1040725708007812	4.2468791007995605	0.0	0.0	2.2309865951538086	0.0	0.0	1.2290918827056885	0.0	0.0	0.0	2.152153491973877	2.518120050430298	0.0	0.5905134677886963	0.0	0.0	0.0	0.0	1.5530797243118286	1.8734207153320312	0.0	0.0	0.0	1.63030207157135	0.0	1.8628472089767456	1.93508780002594	0.0	2.7498202323913574	0.831458330154419	0.0	0.0	0.0	0.0	1.8480669260025024	1.4449548721313477	0.5830062627792358	0.0	1.3640562295913696	1.8841651678085327	0.0	3.9230539798736572	0.0	0.0
0.0	0.6210963726043701	0.36269423365592957	0.0	1.3448137044906616	0.0	0.0	2.894916534423828	2.036360263824463	3.2895827293395996	0.0	0.8616281747817993	0.4173649847507477	0.0	1.7118446826934814	0.5225855112075806	2.7005584239959717	2.4115536212921143	0.0	0.32727915048599243	0.0	0.8668060302734375	0.0	2.3226728439331055	0.0	0.0	0.0	0.0	0.2393447458744049	0.11486650258302689	0.0	1.7762861251831055	0.09119243919849396	1.0410261154174805	0.11767466366291046	0.0	0.0	0.653356671333313	1.3230432271957397	0.0	0.0	0.0	0.0	0.0	1.1848219633102417	0.0	2.8784146308898926	0.0	0.0	2.270223617553711	0.0	1.1618131399154663	0.0	1.5001410245895386	2.6152358055114746	0.6249529123306274	0.7271876335144043	2.4398248195648193	0.1074947714805603	1.0387382507324219	3.125891923904419	0.0	3.480860471725464	0.0	0.0	1.7944139242172241	0.4642261862754822	0.0	0.0	0.1357555091381073	1.1605966091156006	3.424522638320923	0.2958260774612427	0.0	1.1178001165390015	0.0	0.0	0.542002260684967	1.5387675762176514	0.0	0.0	0.0	0.0	0.0
0.0	2.2760422229766846	1.951015591621399	2.8774423599243164	1.9260121583938599	0.0	0.0	1.9943374395370483	0.0	2.3520543575286865	0.06290172040462494	1.947777271270752	1.063867211341858	0.0	0.8435013294219971	0.0	0.0	1.113856315612793	0.0	1.2124226093292236	0.0	1.9507617950439453	1.9046045541763306	4.516706466674805	0.0	0.0	0.0	0.0	1.3782298564910889	2.827893018722534	0.381286084651947	0.0	0.8097931742668152	1.2931299209594727	3.207681894302368	3.7356033325195312	1.1573907136917114	1.4833648204803467	1.8532987833023071	1.4371004104614258	0.0	0.0	0.20614327490329742	1.473643183708191	0.0	0.0	4.107332706451416	0.0	3.8687572479248047	0.0	0.0	0.324320912361145	0.0	3.0908734798431396	0.0	0.0	0.0	0.0	2.3763856887817383	0.0	1.0452642440795898	1.4210456609725952	2.691633701324463	0.0	0.0	0.24347475171089172	1.3099548816680908	0.0	0.062182553112506866	0.0	1.3781604766845703	0.11353808641433716	0.0	0.0	3.87967848777771	0.0	0.0	0.0	0.6592752933502197	0.868438184261322	0.0	1.3064935207366943	0.0	0.0
0.9339501857757568	0.0	1.3458431959152222	1.180343747138977	0.6194871664047241	0.0	0.0	0.19418245553970337	0.22402676939964294	1.8456460237503052	0.0	0.3222588002681732	0.1832507848739624	0.0	2.684826374053955	0.7785618305206299	2.1717288494110107	1.3108159303665161	0.0	0.941425621509552	0.0	0.6861253976821899	0.0	1.768768548965454	0.0	0.0	0.0	0.0	0.0	2.3768084049224854	0.0	0.2510727047920227	0.11217163503170013	1.9874547719955444	0.11422701179981232	0.660709023475647	0.5500679016113281	0.0	0.0	0.673763632774353	0.27322858572006226	0.0	0.0	2.3230724334716797	1.187103033065796	0.0	2.1361236572265625	0.0	0.0	1.697826623916626	0.18341746926307678	1.1993670463562012	0.0	2.243239402770996	1.2607942819595337	1.8882067203521729	1.8919422626495361	1.3785181045532227	0.5661572813987732	0.5192738175392151	3.237971067428589	0.07750274986028671	1.8839348554611206	0.04985922574996948	0.0	0.0	0.0	0.0	0.9124935865402222	0.15642039477825165	0.7720075249671936	2.0199408531188965	0.4913675785064697	0.0	0.796583890914917	1.0217710733413696	0.0	0.0	0.9283542633056641	0.0	0.0	1.2846910953521729	0.0	0.0
2.4985599517822266	0.0	0.2627594769001007	0.0	0.0	1.9494280815124512	0.7536688446998596	2.2864744663238525	3.5678772926330566	1.4212621450424194	3.4783010482788086	0.047678470611572266	0.0	0.0	1.518906593322754	2.3129162788391113	2.852400064468384	0.0	0.0	7.205885410308838	0.0	1.2837157249450684	7.870423793792725	1.7943034172058105	4.2814717292785645	0.0	0.0	0.0	3.341540813446045	0.0	0.0	0.02523902803659439	5.744797229766846	0.0	1.56035315990448	0.0	4.496722221374512	3.760340690612793	4.971797466278076	2.8419547080993652	8.115377426147461	0.0	0.0	1.425201416015625	0.9405173659324646	0.0	0.0	0.0	0.0	0.0	3.817138195037842	3.2684571743011475	0.0	0.0	0.0	0.0	0.24456165730953217	0.0	4.1400275230407715	2.874006509780884	0.0	0.0	0.0	5.634858131408691	0.0	5.580791473388672	4.127320766448975	0.0	3.7451581954956055	3.0096435546875	0.0	1.6321803331375122	0.10842948406934738	0.0	2.204838275909424	4.681134223937988	0.0	3.95709228515625	5.539017677307129	2.4734396934509277	0.0	6.704774856567383	0.0	0.0
0.0	0.0	0.8862802386283875	0.1378108263015747	0.0	0.20397202670574188	0.0	0.0	0.0	0.0	2.4148457050323486	1.0989060401916504	0.0	0.0	2.491361141204834	0.5380304455757141	0.3710988759994507	0.0	0.0	2.875241994857788	0.0	1.5542688369750977	5.7502851486206055	2.6940646171569824	0.13197414577007294	0.0	0.0	0.0	2.364107847213745	0.0	0.0	0.0	3.892178535461426	1.2952438592910767	0.0	0.0	3.666609048843384	0.4517659544944763	0.5639603734016418	2.514957904815674	4.803279399871826	0.0	0.0	2.3708596229553223	0.0	0.0	0.7826577425003052	0.0	0.9356034994125366	0.0	1.0557498931884766	3.194960117340088	0.0	1.474276065826416	0.0	0.34546470642089844	1.2980268001556396	0.0	2.3534111976623535	0.9489590525627136	0.0	0.0	0.5213896036148071	0.6510434150695801	0.0	1.1480556726455688	3.03733491897583	0.0	4.444791316986084	1.6029107570648193	0.0	0.0	0.20311161875724792	0.0	2.2234222888946533	0.10825496912002563	0.0	0.0	2.0225484371185303	1.7045241594314575	0.0	4.111395835876465	0.0	0.0
0.0	1.1988252401351929	0.4462457597255707	1.0562171936035156	2.495832920074463	0.0	0.0	2.2549846172332764	0.46098583936691284	2.8705499172210693	0.7693662643432617	0.2819347083568573	0.0	0.0	0.1426321566104889	0.19807341694831848	0.0	1.9061636924743652	0.0	0.30685532093048096	0.0	2.891720771789551	0.26881077885627747	3.3125340938568115	0.0	0.0	0.0	0.0	0.0	0.9039315581321716	0.0	0.0	0.8780168294906616	2.4878721237182617	1.0417988300323486	1.2968448400497437	0.31390196084976196	0.0	0.8545123934745789	0.0	0.0	0.0	0.0	1.343546748161316	0.47523850202560425	0.0	3.4439287185668945	0.0	0.49200984835624695	0.4463852643966675	0.0	0.0	0.0	1.4229012727737427	0.0	1.0957714319229126	0.8804751038551331	0.5168873071670532	1.4656938314437866	0.0	2.1472527980804443	1.3230433464050293	3.1393520832061768	0.0	0.0	1.1294419765472412	0.0	0.0	0.0	1.0743039846420288	1.614019513130188	1.7318518161773682	0.25576892495155334	0.0	0.7969914674758911	0.0	0.0	0.28133001923561096	2.2142271995544434	0.0	0.0	0.07965757697820663	0.0	0.0
0.0	0.15363571047782898	1.5294559001922607	2.2008373737335205	0.0	0.0	0.0	0.0	0.4580739736557007	0.7213187217712402	0.0	0.15289625525474548	0.0	0.0	1.920210361480713	0.0	0.02277427911758423	0.32298728823661804	0.0	2.022564172744751	0.0	0.7571972608566284	1.6846379041671753	2.361353635787964	0.11231328547000885	0.0	0.0	0.0	0.49516135454177856	2.1051814556121826	0.0	0.0	0.3465609550476074	0.40299999713897705	1.4602793455123901	1.0475821495056152	1.7286638021469116	0.8351417779922485	0.8527872562408447	2.0275983810424805	1.5022602081298828	0.0	0.0	0.7436959147453308	0.0	0.0	0.8312283754348755	0.0	0.5909347534179688	0.0	0.779869556427002	1.7453339099884033	0.0	0.4056105613708496	0.0	0.0	0.8011770844459534	0.0	0.7216596007347107	0.6446676850318909	0.9418830871582031	0.0	1.502689003944397	0.0	0.0	0.7277061939239502	0.9672641754150391	0.0	2.352529764175415	0.0	0.0	1.8699798583984375	0.0	0.0	1.1741074323654175	0.4081766605377197	0.0	0.0	0.0761595070362091	1.5666991472244263	0.0	2.486602544784546	0.0	0.0
0.0	2.5091731548309326	0.0	0.0	0.9706262350082397	0.0	0.0	4.957021236419678	0.6843966245651245	1.816470742225647	0.0	1.4525721073150635	0.0	0.6880223751068115	0.0	0.0	0.5748419761657715	0.45349329710006714	0.0	0.0	0.0	2.3687589168548584	1.4619745016098022	4.541251182556152	0.0	0.0	0.0	0.0	0.12662066519260406	0.0	0.0	1.646642804145813	1.3773994445800781	0.0	0.4419456124305725	0.0	0.023640714585781097	2.1337273120880127	3.942291498184204	0.19643160700798035	0.0	0.0	0.0	0.0	0.0	0.0	2.166527509689331	0.0	2.341780185699463	0.08397649228572845	0.0	0.0	0.0	0.06758865714073181	1.4402375221252441	0.0	0.0	0.15021046996116638	0.6156443357467651	0.7390788793563843	0.37872982025146484	0.0	4.060050964355469	0.039145633578300476	0.0	2.5052409172058105	2.888843536376953	0.0	0.0	0.0	1.192374348640442	3.38199782371521	0.22290466725826263	0.0	1.7620203495025635	0.0	0.0	1.1059842109680176	1.4302916526794434	0.0	0.0	0.0	0.0	0.0
0.10279633104801178	0.0	0.0	0.0	2.3778231143951416	0.0	0.0	3.434112548828125	1.1407967805862427	3.3942391872406006	0.0	0.0	0.17626595497131348	0.0	1.2643706798553467	0.5214500427246094	2.4850997924804688	2.217975378036499	0.0	0.9177095293998718	0.0	1.4797475337982178	0.0	2.418943166732788	0.19206278026103973	0.0	0.0	0.0	0.0	0.0	0.2514422535896301	1.7787911891937256	0.07017700374126434	0.4005211591720581	0.0	0.04941776394844055	0.0	0.6426281929016113	0.9170403480529785	0.16534504294395447	0.26965710520744324	0.0	0.0	0.0	1.7942278385162354	0.0	1.8473936319351196	0.0	0.0	2.111619472503662	0.0	1.2027056217193604	0.0	0.9956289529800415	1.7584397792816162	0.04327164590358734	0.0	2.4552552700042725	0.5566689968109131	1.0340323448181152	2.9015698432922363	0.0	2.6288764476776123	0.5713011622428894	0.0	0.613912045955658	0.4020216464996338	0.0	0.0	0.1346437633037567	1.3833978176116943	2.868143320083618	0.0	0.0	0.5534772872924805	1.219200611114502	0.5950828790664673	2.192631721496582	1.9473345279693604	0.0	0.0	0.9960682988166809	0.0	0.0
0.340858519077301	0.24989718198776245	0.0	1.6802974939346313	0.0	0.0	0.0	0.0	0.0	0.7203387022018433	1.8618266582489014	1.3905422687530518	0.0	0.0	2.5289764404296875	0.0	0.0	0.0	0.0	1.2896802425384521	0.0	1.43632173538208	3.654111385345459	3.8295860290527344	0.0	0.0	0.0	0.0	1.9156463146209717	0.0	0.0	0.0	4.010893821716309	2.344083547592163	1.5022921562194824	0.31252995133399963	2.333709955215454	0.0	0.0	1.3709133863449097	2.07104754447937	0.0	0.0	1.0169131755828857	1.4650622606277466	0.0	3.440162181854248	0.0	0.1058841124176979	0.0	0.0	3.0828490257263184	0.0	1.0534940958023071	0.0	0.6172912120819092	0.0	0.0	2.4258525371551514	0.24140533804893494	0.0	0.0	1.679470419883728	0.0	0.0	0.0	3.049018144607544	0.0	2.3306233882904053	1.7681324481964111	0.0	0.0	0.6457276940345764	0.0	1.698061227798462	0.0	0.0	0.0	0.0	0.5066329836845398	0.0	2.5920591354370117	0.0	0.0
0.8751959800720215	0.0	0.2069110870361328	0.0	0.0	0.5774700045585632	0.2858070135116577	0.41736337542533875	0.1325010359287262	0.735531747341156	0.9082002639770508	0.8156260251998901	0.0	0.0	2.2856671810150146	0.3935287892818451	1.350770354270935	0.0	0.0	1.7705702781677246	0.0	0.9649819731712341	2.420503616333008	1.6937377452850342	1.1854034662246704	0.0	0.0	0.0	1.2204337120056152	0.0	0.0	0.1307813972234726	2.112353801727295	0.2783675789833069	0.0	0.0	1.3589394092559814	0.7568334341049194	0.4772971272468567	0.7481815814971924	2.5936739444732666	0.0	0.0	0.9144755005836487	0.3555763065814972	0.0	1.1419254541397095	0.0	0.0	0.0	0.6733415722846985	2.296015739440918	0.0	0.8078413009643555	0.0	0.01619674265384674	0.031189188361167908	0.0	0.6545576453208923	1.5118815898895264	0.0	0.0	0.3231518864631653	0.9612471461296082	0.0	0.7457866668701172	1.5942565202713013	0.0	1.604612112045288	0.6218205690383911	0.0	0.26957711577415466	0.0	0.0	0.946860671043396	1.0320347547531128	0.0	0.8397495746612549	1.3473035097122192	0.39917507767677307	0.0	2.216890573501587	0.0	0.0
0.0	0.49464091658592224	0.4750034809112549	0.4776158630847931	1.5846812725067139	0.0	0.0	1.0421135425567627	1.4871503114700317	1.697749137878418	0.0	1.3039345741271973	0.0	0.0	2.4054460525512695	1.0988860130310059	1.8533053398132324	1.7857797145843506	0.0	0.5131393074989319	0.0	0.9482548236846924	0.22581228613853455	2.440661907196045	0.0	0.0	0.0	0.0	0.45401686429977417	0.9752084016799927	0.0	0.0	1.022362232208252	2.1340110301971436	0.5963889956474304	0.436901330947876	0.3307017385959625	0.0	0.0	0.17517098784446716	0.7326418161392212	0.0	0.0	0.5243343114852905	0.5880359411239624	0.0	3.885371685028076	0.0	0.0	1.0319628715515137	0.0	2.1475419998168945	0.0	2.120925188064575	0.46246856451034546	0.9744747281074524	1.6614174842834473	1.7189102172851562	0.6364822387695312	0.9582081437110901	2.2186341285705566	0.3660728335380554	2.6818923950195312	0.0	0.0	1.2570722103118896	0.8054341077804565	0.0	0.32188844680786133	0.5071932077407837	0.6627821326255798	2.015228509902954	0.5516672730445862	0.0	1.6882917881011963	0.0	0.0	0.0	1.0512109994888306	0.0	0.0	0.7232977747917175	0.0	0.0
0.0	1.521293044090271	0.5471130609512329	0.5177475214004517	1.4221036434173584	0.0	0.0	2.752821207046509	0.5718470215797424	2.2305335998535156	0.0	1.760979413986206	0.0	0.0	1.6648876667022705	0.0	0.620225191116333	1.3253107070922852	0.0	0.7906736135482788	0.0	1.6258442401885986	0.6069530844688416	3.6371748447418213	0.0	0.0	0.0	0.0	1.0850491523742676	1.5646846294403076	0.005065280012786388	1.1499714851379395	0.3327168822288513	0.6904340386390686	1.1403928995132446	1.1448471546173096	0.48003339767456055	1.252554178237915	1.856451153755188	0.23071986436843872	0.05505537986755371	0.0	0.0	0.0	0.0	0.0	3.5207557678222656	0.0	1.389086365699768	0.0	0.0	1.7343146800994873	0.0	1.8436951637268066	1.0038596391677856	0.0	0.0	0.1266995370388031	0.8451352715492249	0.6824600100517273	1.4902697801589966	0.0	3.2069575786590576	0.0	0.0	0.980384111404419	1.8109229803085327	0.0	0.03569965064525604	0.0	1.909036636352539	1.9888054132461548	0.07269846647977829	0.0	2.33657169342041	0.0	0.0	0.0	0.5734544396400452	0.0	0.0	0.6453678607940674	0.0	0.0
2.438465118408203	0.0	2.7287611961364746	0.26675844192504883	0.0	2.3274168968200684	2.2494797706604004	0.0	0.8132926225662231	0.10151484608650208	2.639955520629883	0.0	0.0	0.0	1.918327808380127	2.945150136947632	2.005850315093994	0.0	0.0	4.34359884262085	0.0	0.6039663553237915	4.721153736114502	0.0	2.550537586212158	0.0	0.0	0.0	2.1946218013763428	0.0	0.41998291015625	0.0	3.811983108520508	0.0	0.39267927408218384	0.0	3.4770023822784424	1.8633155822753906	1.3135014772415161	1.0246657133102417	7.0379862785339355	0.0	0.0	3.4197964668273926	0.5062095522880554	0.0	0.0	0.20925411581993103	0.0	0.0	4.126908302307129	2.3729612827301025	0.0	0.0	0.0	1.9567028284072876	2.6477997303009033	0.0	3.1367545127868652	1.4870195388793945	0.0	0.0	0.0	4.849277496337891	0.0	4.435662746429443	1.2744723558425903	0.0	4.299256324768066	2.878974437713623	0.0	0.0	1.9000965356826782	0.0	0.24547943472862244	4.1172356605529785	0.0	0.20946545898914337	5.041693687438965	0.8202797174453735	0.0	6.0900702476501465	0.0	0.6208184361457825
1.1310569047927856	0.0	1.200278639793396	0.0	0.46863648295402527	1.8214730024337769	1.4482942819595337	0.5026213526725769	0.0	1.0021462440490723	2.2638745307922363	0.0	0.0	0.0	0.15925981104373932	0.7750428915023804	0.7740727663040161	0.4126132130622864	0.0	1.742938756942749	0.0	1.432720422744751	1.6691049337387085	0.3319810926914215	1.2835508584976196	0.0	0.0	0.0	0.1845727562904358	0.0	0.37749943137168884	0.0	2.563155174255371	1.4821339845657349	0.0	0.0	1.205568552017212	0.6918679475784302	1.0286039113998413	0.0	2.9211597442626953	0.0	0.0	2.3164501190185547	0.8768540620803833	0.0	0.0	0.39632922410964966	0.0	0.0	0.0	0.0	0.0	0.09528863430023193	0.0	0.5829920172691345	0.0	0.0	1.5933489799499512	0.1564071774482727	0.0	0.0	0.0	2.4086196422576904	0.0	1.3027112483978271	0.0	0.0	0.7438973784446716	1.7898792028427124	0.0	0.0	0.0	0.0	0.0	1.9055800437927246	0.0	1.7271333932876587	3.180182456970215	0.07598931342363358	0.0	1.7087241411209106	0.0	0.0
0.0	4.060229301452637	2.7854108810424805	2.6549835205078125	2.4168052673339844	0.0	0.0	3.3033459186553955	0.5867186188697815	3.711951732635498	0.0	1.9106647968292236	0.0	0.0	0.0	0.0	0.0	2.4803807735443115	0.0	1.20572829246521	0.0	3.603066921234131	1.7483283281326294	5.392545700073242	0.0	0.0	0.0	0.0	0.5634291768074036	2.407449722290039	0.0	1.3277881145477295	0.24434159696102142	1.8733478784561157	3.4047603607177734	2.8807687759399414	0.913237988948822	3.2910497188568115	3.606137990951538	0.8262642025947571	0.0	0.0	0.0	1.6545461416244507	0.0	0.0	4.13133430480957	0.0	3.151522159576416	0.0	0.0	0.0	0.0	1.8365814685821533	0.0	0.0	1.4325025081634521	0.0	1.9457039833068848	0.0	1.8892617225646973	2.8269498348236084	4.968743801116943	0.0	0.0	2.981409788131714	0.789198637008667	0.0	0.0	0.0	2.0281057357788086	3.598903179168701	0.0	0.0	2.4077370166778564	0.0	0.0	0.0	2.7105369567871094	0.43180474638938904	0.0	0.0	0.0	0.0
0.0	0.14703324437141418	0.6193917393684387	1.0785166025161743	0.0	0.0	0.0	1.0641014575958252	0.9059889316558838	0.0	0.0	0.0	0.0	0.0	1.8331972360610962	1.0274134874343872	1.8277323246002197	0.0	0.0	0.09684467315673828	0.0	0.7511950731277466	0.8320336937904358	1.5823206901550293	0.0	0.0	0.0	0.0	0.0	0.7545765042304993	0.0	0.0	0.6349032521247864	0.6863224506378174	0.0	0.7622313499450684	1.3498144149780273	0.0	0.18121369183063507	1.1740787029266357	1.570591688156128	0.0	0.0	0.31908318400382996	0.0	0.0	0.6329919695854187	0.0	0.0	0.0	1.433243989944458	1.395480751991272	0.0	0.616876482963562	0.0	0.95167475938797	2.4689230918884277	0.0	1.0994720458984375	0.0	1.3603307008743286	0.0	1.7635642290115356	0.3843745291233063	0.0	1.4613896608352661	1.112647533416748	0.0	1.9951214790344238	0.8591964840888977	0.8891727924346924	2.6373724937438965	0.506536066532135	0.0	0.9899502992630005	0.08381122350692749	0.0	0.0	1.2639400959014893	0.0	0.0	0.818690836429596	0.0	0.0
0.09927506744861603	0.5512271523475647	0.0	0.0	1.718148112297058	0.0	0.0	2.0922420024871826	0.0	1.139134168624878	0.0	0.17350348830223083	0.0	0.0	0.5138980150222778	0.2365753948688507	0.18676799535751343	0.8574944734573364	0.0	0.0	0.0	2.3591983318328857	0.0	2.25071382522583	0.0	0.0	0.0	0.0	0.0	0.43519127368927	0.27736496925354004	0.0	0.18431277573108673	1.6874775886535645	0.0	0.4084935188293457	0.0	0.10173884779214859	0.24484655261039734	0.4359574019908905	0.0	0.0	0.0	0.8810973167419434	0.36984026432037354	0.0	1.6258084774017334	0.0	0.26633501052856445	0.2477695196866989	0.0	0.0	0.0	1.7194838523864746	0.08878433704376221	0.0	0.9282439947128296	0.47488653659820557	0.9512383937835693	0.0	1.6371208429336548	1.0279752016067505	1.9502092599868774	0.0	0.0	0.22768175601959229	0.04186726361513138	0.0	0.2664400339126587	0.5733144879341125	1.2878897190093994	0.642318606376648	0.0	0.0	0.6910707950592041	0.0	0.0	1.376847505569458	1.6073495149612427	0.0	0.0	0.05565818399190903	0.0	0.0
0.24889740347862244	0.8606752753257751	0.6801202893257141	1.1550922393798828	1.061696171760559	0.0	0.0	1.8880033493041992	0.0706053078174591	2.260960578918457	0.08289358019828796	0.0	0.0	0.0	0.0	0.0	0.1371188759803772	1.0908864736557007	0.0	0.032148852944374084	0.0	1.0616586208343506	0.0	1.9743801355361938	0.0	0.0	0.0	0.0	0.0	0.647304892539978	0.0	0.0	0.0	0.641558051109314	1.1278166770935059	0.8424083590507507	0.0	0.505784809589386	1.0947473049163818	0.20915737748146057	0.0	0.0	0.0	0.7190725207328796	0.0	0.0	1.3054378032684326	0.0	0.6108153462409973	0.3193839192390442	0.0	0.0	0.0	0.6002269983291626	0.24403588473796844	0.12902073562145233	0.4688756465911865	0.0	0.8974448442459106	0.0	1.6551426649093628	0.7531088590621948	2.6055150032043457	0.0	0.0	1.0018947124481201	0.0	0.0	0.0	0.0	0.6022908091545105	1.7387460470199585	0.17354759573936462	0.0	0.29927197098731995	0.0	0.1162247359752655	0.239595428109169	1.643550992012024	0.0	0.0	0.0	0.0	0.0
0.0	3.7915797233581543	0.0	0.0	1.0975784063339233	0.0	0.0	6.041221618652344	1.0455724000930786	2.053314685821533	0.0	2.698683500289917	0.0	0.7521538734436035	0.0	0.0	0.47478821873664856	0.0	0.0	0.0	0.0	3.14286470413208	2.6148204803466797	6.1507768630981445	0.0	0.0	0.0	0.0	0.32047364115715027	0.0	0.18842287361621857	2.55614972114563	1.7353571653366089	0.0	1.5667933225631714	0.19331267476081848	0.0	3.1818411350250244	5.138360023498535	0.44545862078666687	0.0	0.0	0.0	0.0	0.0	0.0	3.687757968902588	0.0	4.529297828674316	0.0	0.0	0.021694421768188477	0.0	0.7771415710449219	1.0970180034637451	0.0	0.0	0.0	1.1669189929962158	0.650316059589386	0.1327201873064041	0.0	5.153625965118408	0.0	0.0	4.0125956535339355	4.1274027824401855	0.0	0.0	0.0	1.4006456136703491	3.8396551609039307	0.0	0.0	3.0719497203826904	0.0	0.0	0.5340920686721802	1.6851025819778442	0.0	0.0	0.0	0.0	0.0
0.3925788402557373	1.713905692100525	1.0611307621002197	1.5978991985321045	2.3459715843200684	0.0	0.0	1.677116870880127	0.0	2.9747626781463623	0.6693888902664185	1.3657019138336182	0.5741902589797974	0.0	0.16078948974609375	0.0	0.0	0.9824848175048828	0.0	0.0	0.0	2.303115129470825	0.21375808119773865	3.1730222702026367	0.0	0.0	0.0	0.0	0.034051910042762756	1.2698949575424194	0.15883328020572662	0.0	0.6097753047943115	2.601538896560669	1.4519940614700317	1.5048317909240723	0.0	0.29338502883911133	0.2059534788131714	0.5542099475860596	0.0	0.0	0.0	2.14939022064209	0.0	0.0	3.6729891300201416	0.0	1.4176480770111084	0.0	0.0	0.0	0.0	2.752209424972534	0.0	0.5777456760406494	1.1401848793029785	0.0	1.7401559352874756	0.0	1.8952171802520752	2.2071056365966797	3.3095526695251465	0.0	0.0	0.5864455699920654	0.09296239167451859	0.0	0.0	0.48853400349617004	1.606412410736084	0.6955978870391846	0.09510991722345352	0.0	1.816442608833313	0.0	0.03652048110961914	0.0	1.5092264413833618	0.0	0.0	0.019527493044734	0.0	0.0
0.0	0.789243221282959	1.2321394681930542	0.464877188205719	0.0	0.0	0.07379604876041412	1.6712329387664795	0.37039393186569214	0.9486569762229919	0.0	0.5272728204727173	0.0	0.0	2.1708126068115234	0.7539876699447632	2.6983439922332764	0.24089021980762482	0.0	0.6601333022117615	0.0	1.4703540802001953	0.7895886898040771	2.454430103302002	0.0	0.0	0.0	0.0	0.0	1.020254373550415	0.0	2.015878677368164	0.7362973690032959	0.13757556676864624	0.0	0.0687369555234909	0.8803012371063232	0.8310420513153076	1.242133617401123	0.8263185024261475	1.4172861576080322	0.0	0.0	0.4228449761867523	0.0	0.0	1.3517934083938599	0.0	0.0	1.4794492721557617	0.8593977689743042	1.6384694576263428	0.0	0.7538328170776367	1.514802098274231	0.43769776821136475	1.7409379482269287	0.9822090864181519	0.0	0.897567868232727	2.191094398498535	0.0	2.5352890491485596	0.6633313298225403	0.0	2.3154289722442627	1.3005661964416504	0.0	1.6255364418029785	0.14251011610031128	1.9330379962921143	3.3912367820739746	0.20512202382087708	0.0	0.7824187278747559	0.9766512513160706	0.0	0.0	1.1933337450027466	0.0	0.0	1.0660946369171143	0.0	0.0
0.152384951710701	0.0	0.6637353301048279	0.0	0.0	0.0	0.0	0.0650891587138176	0.02009350061416626	0.5452709197998047	0.0	1.3446213006973267	0.0	0.0	3.662867784500122	0.14866489171981812	1.1509792804718018	0.0	0.0	2.3865580558776855	0.0	0.09349709749221802	2.4152393341064453	1.7744991779327393	1.545124888420105	0.0	0.0	0.0	1.7864162921905518	0.9092472791671753	0.0	0.0	0.8252817392349243	0.0	0.0	0.0	1.1501935720443726	1.1392847299575806	0.16155241429805756	1.3201930522918701	2.309457778930664	0.0	0.0	0.46902328729629517	0.0	0.0	1.1846919059753418	0.0	0.0	0.0	1.7765111923217773	2.4593725204467773	0.0	1.7348219156265259	0.05426760017871857	0.0	0.17632834613323212	0.0	0.59186190366745	1.3341498374938965	0.0	0.0	0.1537904441356659	0.015533939003944397	0.0	0.47856009006500244	1.6545230150222778	0.0	2.8245627880096436	0.0	0.0	0.0	0.0	0.0	2.0268619060516357	1.3413333892822266	0.0	0.0	0.787964940071106	0.7049411535263062	0.0	3.4365508556365967	0.0	0.17323917150497437
